{"0_e_0_0l": 16.911106676001197, "0_e_0_0s": 22.341844459998715, "0_e_0_0r": 1.0, "0_e_0_0u": 0.0, "0_e_0_0": 40.25295113599992, "0_w_0_1": 1.1999999999999957, "0_w_0_0l": 21.2, "0_w_0_0s": 29.999999999999844, "0_w_0_0r": 0.8000000000000043, "0_w_0_0u": 0.0, "0_w_0_0": 51.99999999999983, "0_e_0_1": 0.0432306399999991, "0_s_0_0l": 2.4010397161002492, "0_s_0_0s": 9.614590894703491, "0_s_0_0r": 0.8746289522000161, "0_s_0_0u": 0.0, "0_s_0_0": 12.89025956300378, "0_n_0_1": 11.0, "0_n_0_0l": 38.7, "0_n_0_0s": 16.50000000000005, "0_n_0_0r": 0.8000000000000034, "0_n_0_0u": 0.0, "0_n_0_0": 56.00000000000006, "0_s_0_1": 11.0, "1_e_0_0l": 1.996555631242133, "1_e_0_0s": 0.0, "1_e_0_0r": 0.0028224000000127702, "1_e_0_0u": 0.0, "1_e_0_0": 1.999378031242145, "1_e_0_1": 3.2744293036799963, "1_s_0_0l": 0.0, "1_s_0_0s": 12.90518144398397, "1_s_0_0r": 3.0581180163360075, "1_s_0_0u": 0.0, "1_s_0_0": 15.963299460319973, "1_n_0_1": 10.03048450848, "1_n_0_0l": 15.521000000000415, "1_n_0_0s": 15.900000000001736, "1_n_0_0r": 0.0, "1_n_0_0u": 0.0, "1_n_0_0": 31.421000000003687, "1_s_0_1": 10.0, "2_e_0_0l": 1.7516652976802474, "2_e_0_0s": 4.2115485888004365, "2_e_0_0r": 0.021419443199999222, "2_e_0_0u": 0.0, "2_e_0_0": 5.984633329680662, "2_w_0_1": 3.3999999999999986, "2_w_0_0l": 24.60000000000007, "2_w_0_0s": 29.00000000000001, "2_w_0_0r": 2.2, "2_w_0_0u": 0.0, "2_w_0_0": 55.80000000000007, "2_e_0_1": 5.800000000000001, "2_s_0_0l": 0.19999999999999996, "2_s_0_0s": 4.200000000000001, "2_s_0_0r": 0.40000000000000036, "2_s_0_0u": 0.0, "2_s_0_0": 4.799999999999983, "2_n_0_1": 0.02432109120000092, "2_n_0_0l": 3.9820000000003333, "2_n_0_0s": 2.500000000000001, "2_n_0_0r": 1.0, "2_n_0_0u": 0.0, "2_n_0_0": 7.48200000000034, "2_s_0_1": 1.3999999999999986, "3_e_0_0l": 0.0, "3_e_0_0s": 7.9283174149992295, "3_e_0_0r": 0.5999999999999979, "3_e_0_0u": 0.0, "3_e_0_0": 8.528317414999236, "3_w_0_1": 3.5, "3_w_0_0l": 4.5479697352009625, "3_w_0_0s": 15.901005576398868, "3_w_0_0r": 0.0, "3_w_0_0u": 0.0, "3_w_0_0": 20.44897531159981, "3_e_0_1": 0.0, "3_n_0_1": 1.0, "3_n_0_0l": 30.999999999999993, "3_n_0_0s": 0.0, "3_n_0_0r": 2.8000000000000007, "3_n_0_0u": 0.0, "3_n_0_0": 33.80000000000001, "4_e_0_0l": 6.361919999999776, "4_e_0_0s": 12.30511772480001, "4_e_0_0r": 2.08, "4_e_0_0u": 0.0, "4_e_0_0": 20.74703772479978, "4_w_0_1": 0.0, "4_w_0_0l": 0.5545460910959941, "4_w_0_0s": 5.940896902759918, "4_w_0_0r": 0.31202996582399933, "4_w_0_0u": 0.0, "4_w_0_0": 6.807472959679927, "4_e_0_1": 1.08, "4_s_0_0l": 1.2713676159999998, "4_s_0_0s": 6.598170712001678, "4_s_0_0r": 1.08, "4_s_0_0u": 0.0, "4_s_0_0": 8.949538328001694, "4_n_0_1": 12.080639999999999, "4_n_0_0l": 1.7815824307199646, "4_n_0_0s": 0.5000000000000233, "4_n_0_0r": 0.1999999999999993, "4_n_0_0u": 0.0, "4_n_0_0": 2.481582430719982, "4_s_0_1": 0.05299517543999954, "5_e_0_0l": 0.0, "5_e_0_0s": 2.0000000000000013, "5_e_0_0r": 0.0, "5_e_0_0u": 0.0, "5_e_0_0": 2.0, "5_w_0_1": 0.7275550890075095, "5_w_0_0l": 2.8496256559992097, "5_w_0_0s": 7.0999999999998655, "5_w_0_0r": 0.15999999999999837, "5_w_0_0u": 0.0, "5_w_0_0": 10.109625655999054, "5_e_0_1": 1.1999999999999993, "5_s_0_0l": 4.600000000000662, "5_s_0_0s": 50.899999999999864, "5_s_0_0r": 0.7999999999999998, "5_s_0_0u": 0.0, "5_s_0_0": 56.30000000000052, "5_n_0_1": 10.0, "5_n_0_0l": 2.722824002472017, "5_n_0_0s": 0.6817412410399998, "5_n_0_0r": 0.2726964964159997, "5_n_0_0u": 0.0, "5_n_0_0": 3.677261739927985, "5_s_0_1": 2.0188877225200272, "6_e_0_0l": 6.434125897999817, "6_e_0_0s": 15.090000000000042, "6_e_0_0r": 0.2400000000000002, "6_e_0_0u": 0.0, "6_e_0_0": 21.76412589799986, "6_w_0_1": 0.9999999999999964, "6_w_0_0l": 8.913277141720277, "6_w_0_0s": 14.92239523620038, "6_w_0_0r": 0.0, "6_w_0_0u": 0.0, "6_w_0_0": 23.835672377920645, "6_e_0_1": 0.0, "6_s_0_0l": 1.2747911511999699, "6_s_0_0s": 0.0, "6_s_0_0r": 0.0, "6_s_0_0u": 0.0, "6_s_0_0": 1.2747911511999632, "6_n_0_1": 0.40000000000000036, "6_n_0_0l": 17.49999999999999, "6_n_0_0s": 11.999999999999634, "6_n_0_0r": 0.7999999999999998, "6_n_0_0u": 0.0, "6_n_0_0": 30.299999999999613, "6_s_0_1": 10.0, "7_w_0_1": 2.2000000000000064, "7_w_0_0l": 4.908070480687957, "7_w_0_0s": 4.142133294080081, "7_w_0_0r": 0.516048294592033, "7_w_0_0u": 0.0, "7_w_0_0": 9.566252069360075, "7_s_0_0l": 0.5847251519999974, "7_s_0_0s": 11.302226857600383, "7_s_0_0r": 0.009599999999999831, "7_s_0_0u": 0.0, "7_s_0_0": 11.896552009600384, "7_n_0_1": 5.0, "7_n_0_0l": 11.001503002400145, "7_n_0_0s": 18.508668504000045, "7_n_0_0r": 2.400000000000001, "7_n_0_0u": 0.0, "7_n_0_0": 31.91017150640019, "7_s_0_1": 1.0881170678400007, "8_e_0_0l": 0.36503351135999945, "8_e_0_0s": 2.018009913599982, "8_e_0_0r": 0.24335567423999915, "8_e_0_0u": 0.0, "8_e_0_0": 2.626399099199972, "8_w_0_1": 0.028817523456000416, "8_w_0_0l": 0.01881653760000127, "8_w_0_0s": 1.4231764624000016, "8_w_0_0r": 0.012544358400000455, "8_w_0_0u": 0.0, "8_w_0_0": 1.454537358399989, "8_e_0_1": 0.49999999999998757, "8_s_0_0l": 0.9940220320000579, "8_s_0_0s": 24.568328624002678, "8_s_0_0r": 0.48804406400012823, "8_s_0_0u": 0.0, "8_s_0_0": 26.050394720002828, "8_n_0_1": 1.329757416000632, "8_n_0_0l": 1.2583314504479903, "8_n_0_0s": 16.224618418080134, "8_n_0_0r": 0.006869802976000372, "8_n_0_0u": 0.0, "8_n_0_0": 17.489819671504137, "8_s_0_1": 4.885089236800599, "9_e_0_0l": 2.394051840000734, "9_e_0_0s": 0.0, "9_e_0_0r": 0.0, "9_e_0_0u": 0.0, "9_e_0_0": 2.394051840000742, "9_e_0_1": 3.0, "9_s_0_0l": 0.0, "9_s_0_0s": 30.70672916000301, "9_s_0_0r": 3.0, "9_s_0_0u": 0.0, "9_s_0_0": 33.70672916000302, "9_n_0_1": 10.0, "9_n_0_0l": 0.8140272912000458, "9_n_0_0s": 0.6671820848000343, "9_n_0_0r": 0.0, "9_n_0_0u": 0.0, "9_n_0_0": 1.481209376000038, "9_s_0_1": 3.4889580520023067, "10_w_0_1": 0.6999999999999993, "10_w_0_0l": 10.358764426400075, "10_w_0_0s": 18.796181018999825, "10_w_0_0r": 0.35999999999999943, "10_w_0_0u": 0.0, "10_w_0_0": 29.514945445399917, "10_s_0_0l": 1.1000000000000114, "10_s_0_0s": 26.1999999999999, "10_s_0_0r": 2.2, "10_s_0_0u": 0.0, "10_s_0_0": 29.499999999999886, "10_n_0_1": 0.0, "10_n_0_0l": 1.5000000000000213, "10_n_0_0s": 2.500000000000001, "10_n_0_0r": 1.0, "10_n_0_0u": 0.0, "10_n_0_0": 5.000000000000028, "10_s_0_1": 0.16000000000000014, "11_e_0_0l": 0.0, "11_e_0_0s": 5.064199721791861, "11_e_0_0r": 0.2112772932639988, "11_e_0_0u": 0.0, "11_e_0_0": 5.275477015055856, "11_w_0_1": 0.0, "11_w_0_0l": 0.5999999999999446, "11_w_0_0s": 2.459696517599999, "11_w_0_0r": 0.0, "11_w_0_0u": 0.0, "11_w_0_0": 3.0596965175999458, "11_e_0_1": 2.5, "11_s_0_0l": 15.470347435002825, "11_s_0_0s": 0.0, "11_s_0_0r": 0.6556805350004247, "11_s_0_0u": 0.0, "11_s_0_0": 16.126027970003236, "11_s_0_1": 0.0, "12_e_0_0l": 0.6249999999997518, "12_e_0_0s": 0.0, "12_e_0_0r": 0.25, "12_e_0_0u": 0.0, "12_e_0_0": 0.8749999999997442, "12_e_0_1": 1.1999999999999993, "12_s_0_0l": 0.0, "12_s_0_0s": 10.79999999999975, "12_s_0_0r": 0.5999999999999996, "12_s_0_0u": 0.0, "12_s_0_0": 11.39999999999975, "12_n_0_1": 10.25, "12_n_0_0l": 0.0, "12_n_0_0s": 0.0, "12_n_0_0r": 0.0, "12_n_0_0u": 0.0, "12_n_0_0": 0.0, "12_s_0_1": 0.0, "13_e_0_0l": 31.20000000000013, "13_e_0_0s": 49.999999999999766, "13_e_0_0r": 0.7999999999999998, "13_e_0_0u": 0.0, "13_e_0_0": 81.99999999999991, "13_w_0_1": 1.0, "13_w_0_0l": 5.703626594720318, "13_w_0_0s": 14.270888991200499, "13_w_0_0r": 0.0, "13_w_0_0u": 0.0, "13_w_0_0": 19.974515585920813, "13_e_0_1": 2.119999999999999, "13_s_0_0l": 4.220624808779961, "13_s_0_0s": 9.027821281458348, "13_s_0_0r": 2.120000000000001, "13_s_0_0u": 0.0, "13_s_0_0": 15.368446090238336, "13_n_0_1": 11.0, "13_n_0_0l": 19.59999999999998, "13_n_0_0s": 15.999999999999666, "13_n_0_0r": 0.8000000000000016, "13_n_0_0u": 0.0, "13_n_0_0": 36.399999999999636, "13_s_0_1": 10.0, "14_e_0_0l": 16.100000000000094, "14_e_0_0s": 32.49999999999993, "14_e_0_0r": 2.2, "14_e_0_0u": 0.0, "14_e_0_0": 50.80000000000001, "14_w_0_1": 2.9140558745600025, "14_w_0_0l": 6.531371020320398, "14_w_0_0s": 12.578390356200519, "14_w_0_0r": 1.0121367120002467, "14_w_0_0u": 0.0,